-- --------------------------------------------------------
-- Host:                         178.128.80.206
-- Server version:               5.7.27-0ubuntu0.16.04.1 - (Ubuntu)
-- Server OS:                    Linux
-- HeidiSQL Version:             9.5.0.5293
-- --------------------------------------------------------

/*!40101 SET @OLD_CHARACTER_SET_CLIENT=@@CHARACTER_SET_CLIENT */;
/*!40101 SET NAMES utf8 */;
/*!50503 SET NAMES utf8mb4 */;
/*!40014 SET @OLD_FOREIGN_KEY_CHECKS=@@FOREIGN_KEY_CHECKS, FOREIGN_KEY_CHECKS=0 */;
/*!40101 SET @OLD_SQL_MODE=@@SQL_MODE, SQL_MODE='NO_AUTO_VALUE_ON_ZERO' */;


-- Dumping database structure for skripsi
CREATE DATABASE IF NOT EXISTS `skripsi` /*!40100 DEFAULT CHARACTER SET latin1 */;
USE `skripsi`;

-- Dumping structure for table skripsi.files
CREATE TABLE IF NOT EXISTS `files` (
  `id` bigint(20) unsigned NOT NULL AUTO_INCREMENT,
  `filename` varchar(128) COLLATE utf8mb4_unicode_ci NOT NULL DEFAULT '0',
  `stored` varchar(128) COLLATE utf8mb4_unicode_ci NOT NULL DEFAULT '0',
  `path` varchar(128) COLLATE utf8mb4_unicode_ci NOT NULL DEFAULT '0',
  `format` varchar(128) COLLATE utf8mb4_unicode_ci NOT NULL DEFAULT '0',
  `size` int(11) NOT NULL DEFAULT '0',
  `privasi` int(11) NOT NULL DEFAULT '0',
  `id_user` int(11) NOT NULL DEFAULT '0',
  `key` varchar(128) COLLATE utf8mb4_unicode_ci NOT NULL DEFAULT '0',
  `sha` varchar(128) COLLATE utf8mb4_unicode_ci NOT NULL DEFAULT '0',
  `modif` int(11) NOT NULL DEFAULT '0',
  `duration` varchar(128) COLLATE utf8mb4_unicode_ci NOT NULL DEFAULT '0',
  `lost` int(11) NOT NULL DEFAULT '0',
  `delete` int(11) NOT NULL DEFAULT '0',
  `created_at` timestamp NULL DEFAULT NULL,
  `updated_at` timestamp NULL DEFAULT NULL,
  PRIMARY KEY (`id`)
) ENGINE=InnoDB AUTO_INCREMENT=51 DEFAULT CHARSET=utf8mb4 COLLATE=utf8mb4_unicode_ci;

-- Dumping data for table skripsi.files: ~48 rows (approximately)
/*!40000 ALTER TABLE `files` DISABLE KEYS */;
REPLACE INTO `files` (`id`, `filename`, `stored`, `path`, `format`, `size`, `privasi`, `id_user`, `key`, `sha`, `modif`, `duration`, `lost`, `delete`, `created_at`, `updated_at`) VALUES
	(1, 'bg.jpeg', '1.dat', '/', 'image/jpeg', 95306, 0, 1, '0', '83e58b3a1a3471375a4bdc89d5e42156eddb029d6c6aaeed69839c32b3d958f2', 0, '8.30810546875', 0, 0, '2019-07-11 18:57:30', '2019-07-11 18:57:30'),
	(2, 'ChromeSetup.exe', '2.dat', '/', 'application/x-msdownload', 1129816, 0, 1, '0', 'f19d86ca6a5dbe4f4eb8215165d7e14d1ceae83d0cdf6d23478195b879a08d07', 0, '26.3232421875', 0, 0, '2019-07-11 19:32:38', '2019-07-11 19:32:38'),
	(3, 'logodt 1 (2).png', '3.dat', '/', 'image/png', 285078, 0, 1, '0', '39b16577f24ddd4f2341b55208bf786a4957a3e8f9648f80c62a787858e503d1', 0, '9.77783203125', 0, 0, '2019-07-11 19:38:30', '2019-07-11 19:38:30'),
	(4, 'Arsitektur.png', '4.dat', '/', 'image/png', 252609, 0, 1, '0', '61b2f44a3d0de09e721b746556e337c2ef11f5d9b98a17d0e1c0125badfb6d97', 0, '15.738037109375', 0, 0, '2019-07-15 08:44:41', '2019-07-15 08:44:41'),
	(5, 'Arsitektur.png', '5.dat', '/', 'image/png', 252609, 0, 1, '0', '8bee4fc9a45d4f8a20195bda1b670211ad76cb08c3e8d961ba7bb042d651428e', 0, '15.27001953125', 0, 0, '2019-07-15 10:57:01', '2019-07-15 10:57:01'),
	(6, 'Arsitektur.png', '6.dat', '/', 'image/png', 252609, 0, 1, '0', 'df66acccd15e52a29c9bd9d64b0541ef391de2c567e9ee17f5286f13efbbb0c4', 0, '5.65478515625', 0, 0, '2019-07-15 10:57:21', '2019-07-15 10:57:21'),
	(7, 'Arsitektur.png', '7.dat', '/', 'image/png', 252609, 0, 1, '0', '730ec2d46099fb48c63e7a7ff6b6ed378d3902f7eeedcd6bbb3b48b84f768dd7', 0, '9.614990234375', 0, 0, '2019-07-15 10:58:14', '2019-07-15 10:58:14'),
	(8, 'Arsitektur.png', '8.dat', '/', 'image/png', 252609, 0, 1, '0', '900e671cc3213bce0e7b10ee7739a9d87a2662e12c1b3457d936ff62d92778d8', 0, '5.597900390625', 0, 0, '2019-07-15 10:59:47', '2019-07-15 10:59:47'),
	(9, 'img_hd_500.jpg', '9.dat', '/', 'image/jpeg', 519405, 0, 1, '0', 'fd695ff78b631816598bdcfff36480ace4fd59e3da7f024ad070826c7101858d', 0, '13.747802734375', 0, 0, '2019-07-15 11:05:43', '2019-07-15 11:05:43'),
	(10, 'img_hd_500.jpg', '10.dat', '/', 'image/jpeg', 519405, 0, 1, '0', '358e615418cbb9a8a602a3e4b853189a342c2b714ccdce509f23224bb7acdf58', 0, '11.497802734375', 0, 0, '2019-07-15 11:06:01', '2019-07-15 11:06:01'),
	(11, 'img_hd_500.jpg', '11.dat', '/', 'image/jpeg', 519405, 0, 1, '0', '86c3706caac62408e2813bc5a9066205ac7ae66af78cdc63e6274490ff296c96', 0, '25.531982421875', 0, 0, '2019-07-15 11:09:23', '2019-07-15 11:09:23'),
	(12, 'img_hd_500.jpg', '12.dat', '/', 'image/jpeg', 519405, 0, 1, '0', '630ea0f704b66412cc3e758e1e9a655902b799f687ee7787d5d2283c73d7ec5b', 0, '11.0859375', 0, 0, '2019-07-15 11:09:45', '2019-07-15 11:09:45'),
	(13, 'img_hd_500.jpg', '13.dat', '/', 'image/jpeg', 519405, 0, 1, '0', 'b84a9fa2b319b7b71c658eb118b0ccafa1384e3306455fccf3cca82859edb588', 0, '12.1171875', 0, 0, '2019-07-15 11:10:20', '2019-07-15 11:10:20'),
	(14, 'img_hd_750.jpg', '14.dat', '/', 'image/jpeg', 745839, 0, 1, '0', 'a29f3ec269efc864bb56e98d208dcad06e38036087dbcc15459d870d76952dbc', 0, '15.857177734375', 0, 0, '2019-07-15 11:11:05', '2019-07-15 11:11:05'),
	(15, 'img_hd_750.jpg', '15.dat', '/', 'image/jpeg', 745839, 0, 1, '0', 'daddb9eeb7f2eac3fe1431c5019bbb59d4302ff8bd4a49041f882995ef94f8ea', 0, '17.86474609375', 0, 0, '2019-07-15 11:11:22', '2019-07-15 11:11:22'),
	(16, 'img_hd_750.jpg', '16.dat', '/', 'image/jpeg', 745839, 0, 1, '0', 'e08f38c6d4bef67a23ef0dd45074c2fd2ce2c31ba8c7bf38990a2ed5a100f18f', 0, '15.56591796875', 0, 0, '2019-07-15 11:11:43', '2019-07-15 11:11:43'),
	(17, 'img_hd_750.jpg', '17.dat', '/', 'image/jpeg', 745839, 0, 1, '0', 'ef52b5c60dd3e7164874c020bc3b7f3070fff24a5c8455fd4fc04d98137d5087', 0, '17.7578125', 0, 0, '2019-07-15 11:12:07', '2019-07-15 11:12:07'),
	(18, 'img_hd_750.jpg', '18.dat', '/', 'image/jpeg', 745839, 0, 1, '0', '1fc484b12b91913fa393637ec93d7fee9c54f514fc6ac4e76312400ed6172c76', 0, '16.8681640625', 0, 0, '2019-07-15 11:12:31', '2019-07-15 11:12:31'),
	(19, 'img_hd_250.jpg', '19.dat', '/', 'image/jpeg', 254152, 0, 1, '0', '77a0177ba7845294bd99a228c206d04024b4a5312458c39f67cd75ea27948365', 0, '6.339111328125', 0, 0, '2019-07-15 11:22:47', '2019-07-15 11:22:47'),
	(20, 'img_hd_250.jpg', '20.dat', '/', 'image/jpeg', 254152, 0, 1, '0', '9ff973efcb11a9bb9ff7ce5ff41cae30732dd871378347b1e5b18c0dfbdc9639', 0, '5.869140625', 0, 0, '2019-07-15 11:23:07', '2019-07-15 11:23:07'),
	(21, 'img_hd_250.jpg', '21.dat', '/', 'image/jpeg', 254152, 0, 1, '0', '43c85b36407c0250a875b2c192bd62b9fcf17abd6681c65ff7f9666addc5aa2d', 0, '5.857177734375', 0, 0, '2019-07-15 11:23:25', '2019-07-15 11:23:25'),
	(22, 'img_hd_250.jpg', '22.dat', '/', 'image/jpeg', 254152, 0, 1, '0', '27b9cee302dc3d6dba8fe4e22041dfd47d32c51442e13959f5804f5b26532094', 0, '7.448974609375', 0, 0, '2019-07-15 11:23:52', '2019-07-15 11:23:52'),
	(23, 'img_hd_250.jpg', '23.dat', '/', 'image/jpeg', 254152, 0, 1, '0', '737712b9d28a50e2212031672da7176714495eeb274fdcd9e06fd3f18306f9f0', 0, '5.7490234375', 0, 0, '2019-07-15 11:27:17', '2019-07-15 11:27:17'),
	(24, 'img_hd_250.jpg', '24.dat', '/', 'image/jpeg', 254152, 0, 2, '0', '55f05caf655e46431ff3334dd1fe95e23eecc5a535c7de881a18aa02dfb038d5', 0, '8.05810546875', 0, 0, '2019-07-15 12:20:59', '2019-07-15 12:20:59'),
	(25, 'img_hd_250.jpg', '25.dat', '/', 'image/jpeg', 254152, 0, 2, '0', '579bbce0b335125bd7315727921d80ad645f2b9b10e9e5c56effe1e61b217b02', 0, '6.15380859375', 0, 0, '2019-07-15 12:21:20', '2019-07-15 12:21:20'),
	(26, 'img_hd_250.jpg', '26.dat', '/', 'image/jpeg', 254152, 0, 2, '0', 'c9f271f634ce265adcb98a25e637645d60ddec6008bb5a2fa7cf227cb83d4f43', 0, '5.361083984375', 0, 0, '2019-07-15 12:21:39', '2019-07-15 12:21:39'),
	(27, 'img_hd_250.jpg', '27.dat', '/', 'image/jpeg', 254152, 0, 2, '0', '7bfdb3e835b2bea225ad5398b7a41e65c2a8df281c307955faf314d4fd92b7b4', 0, '5.535888671875', 0, 0, '2019-07-15 12:21:58', '2019-07-15 12:21:58'),
	(28, 'img_hd_250.jpg', '28.dat', '/', 'image/jpeg', 254152, 0, 2, '0', '07b4726b0b5afb0faa3ca9cb308772b353b11f39c545d64b43ba85be0b484600', 0, '6.454833984375', 0, 0, '2019-07-15 12:22:19', '2019-07-15 12:22:19'),
	(29, 'img_hd_500.jpg', '29.dat', '/', 'image/jpeg', 519405, 0, 2, '0', 'a0dcd004453abb542ee5f3eea1246b5133f8ba8ca744342f80038565cd2dadf7', 0, '13.848876953125', 0, 0, '2019-07-15 12:28:43', '2019-07-15 12:28:43'),
	(30, 'img_hd_500.jpg', '30.dat', '/', 'image/jpeg', 519405, 0, 2, '0', '641cdfb2d04858ebcff678d08e89aacd1b0639883d029ad525e073e7d72ed654', 0, '11.286865234375', 0, 0, '2019-07-15 12:29:06', '2019-07-15 12:29:06'),
	(31, 'img_hd_500.jpg', '31.dat', '/', 'image/jpeg', 519405, 0, 2, '0', '6def3cbf9cac27bb164948b7fbec46d396fa23c9f9553bf7a76f8eeb3904992e', 0, '11.491943359375', 0, 0, '2019-07-15 12:29:28', '2019-07-15 12:29:28'),
	(32, 'img_hd_500.jpg', '32.dat', '/', 'image/jpeg', 519405, 0, 2, '0', '80097cf81f7e89c21b96476068793bab1039d708560f02a765b3a9182f4a49aa', 0, '11.405029296875', 0, 0, '2019-07-15 12:29:59', '2019-07-15 12:29:59'),
	(33, 'img_hd_500.jpg', '33.dat', '/', 'image/jpeg', 519405, 0, 2, '0', 'fbea3ffc6d70a12ea5db87e1460a852ccb711716482085a508e38c1e0139c72a', 0, '11.73583984375', 0, 0, '2019-07-15 12:30:26', '2019-07-15 12:30:26'),
	(34, 'img_hd_500.jpg', '34.dat', '/', 'image/jpeg', 519405, 0, 2, '0', '693b93ac8a0b82aa215935236b258493992b52472b73dc88676d71ed6551c06e', 0, '11.44189453125', 0, 0, '2019-07-15 12:30:48', '2019-07-15 12:30:48'),
	(35, 'img_hd_750.jpg', '35.dat', '/', 'image/jpeg', 745839, 0, 2, '0', 'edc9ea38092cc4466446ed3416b985b470d5a2b91235eba16a8f126838bad565', 0, '17.216064453125', 0, 0, '2019-07-15 12:31:23', '2019-07-15 12:31:23'),
	(36, 'img_hd_750.jpg', '36.dat', '/', 'image/jpeg', 745839, 0, 2, '0', 'ed7404e50c98fb72bda19adadbd5685c5d9b7773d592c6cb73e00f22c9de35ed', 0, '16.004150390625', 0, 0, '2019-07-15 12:31:46', '2019-07-15 12:31:46'),
	(37, 'img_hd_750.jpg', '37.dat', '/', 'image/jpeg', 745839, 0, 2, '0', 'c867aa710c31f3b9c041c29a443edc2c17db3afc0501664a20ab284d457ab5f5', 0, '18.22900390625', 0, 0, '2019-07-15 12:32:04', '2019-07-15 12:32:04'),
	(38, 'img_hd_750.jpg', '38.dat', '/', 'image/jpeg', 745839, 0, 2, '0', '21a43638393b70906b2d3c4021833d1dffdf97353a13e77ccfd9ebedfa1955cd', 0, '18.015869140625', 0, 0, '2019-07-15 12:32:22', '2019-07-15 12:32:22'),
	(39, 'img_hd_750.jpg', '39.dat', '/', 'image/jpeg', 745839, 0, 2, '0', '069b9a309d0f05ca2090f0ea9a16f1bbfcb0b10921d56f112087c3c5c8616298', 0, '17.177001953125', 0, 0, '2019-07-15 12:33:33', '2019-07-15 12:33:33'),
	(40, 'img_hd_250.jpg', '40.dat', '/', 'image/jpeg', 254152, 0, 5, '0', '2c7e8de6e3e1a1303d0394697de6a45f832d55faf9f65c6c58c6cb355c9acb21', 0, '13.798828125', 0, 0, '2019-07-15 12:53:33', '2019-07-15 12:53:33'),
	(41, 'img_hd_250.jpg', '41.dat', '/', 'image/jpeg', 254152, 0, 5, '0', '13648cf17bbbc55f3a62946c381d2e6041a8b389d798a2899b54af732f68f74e', 0, '6.205810546875', 0, 0, '2019-07-15 12:53:50', '2019-07-15 12:53:50'),
	(42, 'img_hd_250.jpg', '42.dat', '/', 'image/jpeg', 254152, 0, 5, '0', 'efe00ff77f93d461d196af3bf33c0b9fc1587e37ea10e7068e6efefe66e46365', 0, '5.526123046875', 0, 0, '2019-07-15 12:54:06', '2019-07-15 12:54:06'),
	(43, 'img_hd_250.jpg', '43.dat', '/', 'image/jpeg', 254152, 0, 5, '0', 'e493c8970d0765c7b1efcbefda78e315813c96a1433b56a873c801ebde481871', 0, '5.78076171875', 0, 0, '2019-07-15 12:54:27', '2019-07-15 12:54:27'),
	(44, 'img_hd_250.jpg', '44.dat', '/', 'image/jpeg', 254152, 0, 5, '0', '223eed968f9cc558aa34e276e19775fad895d822fab09688939d268d28168b88', 0, '5.60986328125', 0, 0, '2019-07-15 12:54:48', '2019-07-15 12:54:48'),
	(45, 'img_hd_500.jpg', '45.dat', '/', 'image/jpeg', 519405, 0, 5, '0', 'd033e551e29995bc69c66af75facd1290b7ac79da47a4580d3560faf8737e943', 0, '11.077880859375', 0, 0, '2019-07-15 12:55:11', '2019-07-15 12:55:11'),
	(46, 'img_hd_500.jpg', '46.dat', '/', 'image/jpeg', 519405, 0, 5, '0', 'ed5e82f29794c363da436288a8a0f6524460d733fabac40f50933a540e7813ae', 0, '10.6494140625', 0, 0, '2019-07-15 12:55:33', '2019-07-15 12:55:33'),
	(47, 'img_hd_500.jpg', '47.dat', '/', 'image/jpeg', 519405, 0, 5, '0', 'e97d5409477cfcab3aeac0bd64ee842a722f08fac8fe7429628f7f0993fa3531', 0, '10.6748046875', 0, 0, '2019-07-15 12:56:02', '2019-07-15 12:56:02'),
	(48, 'img_hd_750.jpg', '48.dat', '/', 'image/jpeg', 745839, 0, 5, '0', 'b8ddd9eb2c4ce2444661c0718abeea053661ff026ab7676d038e310a21330123', 0, '16.596923828125', 0, 0, '2019-07-15 12:56:54', '2019-07-15 12:56:54'),
	(49, 'img_hd_750.jpg', '49.dat', '/', 'image/jpeg', 745839, 0, 5, '0', '7e82afb80554de570102f72d0177cb639b566c3c7226f96c2063ab3d08d8f0e0', 0, '18.644775390625', 0, 0, '2019-07-15 12:57:13', '2019-07-15 12:57:13'),
	(50, 'img_hd_750.jpg', '50.dat', '/', 'image/jpeg', 745839, 0, 5, '0', 'bbe77899356fc299f93cc840e5544b7b8c94ffbbf0b0a541d134ab414528a95a', 0, '19.72021484375', 0, 0, '2019-07-15 12:57:53', '2019-07-15 12:57:53');
/*!40000 ALTER TABLE `files` ENABLE KEYS */;

-- Dumping structure for table skripsi.logs
CREATE TABLE IF NOT EXISTS `logs` (
  `id` bigint(20) unsigned NOT NULL AUTO_INCREMENT,
  `user_id` int(11) NOT NULL,
  `file_id` int(11) NOT NULL DEFAULT '0',
  `execution` varchar(128) COLLATE utf8mb4_unicode_ci NOT NULL DEFAULT '0',
  `duration` varchar(128) COLLATE utf8mb4_unicode_ci NOT NULL DEFAULT '0',
  `created_at` timestamp NULL DEFAULT NULL,
  `updated_at` timestamp NULL DEFAULT NULL,
  PRIMARY KEY (`id`)
) ENGINE=InnoDB AUTO_INCREMENT=1079 DEFAULT CHARSET=utf8mb4 COLLATE=utf8mb4_unicode_ci;

-- Dumping data for table skripsi.logs: ~94 rows (approximately)
/*!40000 ALTER TABLE `logs` DISABLE KEYS */;
REPLACE INTO `logs` (`id`, `user_id`, `file_id`, `execution`, `duration`, `created_at`, `updated_at`) VALUES
	(1, 1, 1, '1', '8.30810546875', '2019-07-11 18:57:30', '2019-07-11 18:57:30'),
	(2, 1, 2, '1', '26.3232421875', '2019-07-11 19:32:38', '2019-07-11 19:32:38'),
	(3, 1, 1, '2', '2.783203125', '2019-07-11 19:33:02', '2019-07-11 19:33:02'),
	(4, 1, 2, '2', '33.10205078125', '2019-07-11 19:33:09', '2019-07-11 19:33:09'),
	(5, 1, 3, '1', '9.77783203125', '2019-07-11 19:38:30', '2019-07-11 19:38:30'),
	(6, 1, 3, '2', '9.528076171875', '2019-07-11 19:39:29', '2019-07-11 19:39:29'),
	(980, 0, 1, '5', '-', '2019-07-14 13:27:31', NULL),
	(981, 0, 3, '4', '-', '2019-07-14 13:27:31', NULL),
	(982, 0, 1, '6', '-', '2019-07-14 13:28:42', NULL),
	(983, 0, 3, '7', '-', '2019-07-14 13:28:42', NULL),
	(984, 1, 1, '2', '2.529052734375', '2019-07-14 13:48:49', '2019-07-14 13:48:49'),
	(985, 1, 4, '1', '15.738037109375', '2019-07-15 08:44:41', '2019-07-15 08:44:41'),
	(986, 1, 4, '2', '8.80517578125', '2019-07-15 08:53:40', '2019-07-15 08:53:40'),
	(989, 0, 1, '4', '-', '2019-07-15 09:08:31', NULL),
	(990, 0, 2, '5', '-', '2019-07-15 09:08:31', NULL),
	(991, 0, 1, '7', '-', '2019-07-15 09:14:30', NULL),
	(992, 0, 2, '6', '-', '2019-07-15 09:14:30', NULL),
	(993, 1, 5, '1', '15.27001953125', '2019-07-15 10:57:01', '2019-07-15 10:57:01'),
	(994, 1, 6, '1', '5.65478515625', '2019-07-15 10:57:21', '2019-07-15 10:57:21'),
	(995, 1, 7, '1', '9.614990234375', '2019-07-15 10:58:14', '2019-07-15 10:58:14'),
	(996, 1, 8, '1', '5.597900390625', '2019-07-15 10:59:47', '2019-07-15 10:59:47'),
	(997, 1, 9, '1', '13.747802734375', '2019-07-15 11:05:43', '2019-07-15 11:05:43'),
	(998, 1, 10, '1', '11.497802734375', '2019-07-15 11:06:01', '2019-07-15 11:06:01'),
	(999, 1, 11, '1', '25.531982421875', '2019-07-15 11:09:23', '2019-07-15 11:09:23'),
	(1000, 1, 12, '1', '11.0859375', '2019-07-15 11:09:45', '2019-07-15 11:09:45'),
	(1001, 1, 13, '1', '12.1171875', '2019-07-15 11:10:20', '2019-07-15 11:10:20'),
	(1002, 1, 14, '1', '15.857177734375', '2019-07-15 11:11:05', '2019-07-15 11:11:05'),
	(1003, 1, 15, '1', '17.86474609375', '2019-07-15 11:11:22', '2019-07-15 11:11:22'),
	(1004, 1, 16, '1', '15.56591796875', '2019-07-15 11:11:43', '2019-07-15 11:11:43'),
	(1005, 1, 17, '1', '17.7578125', '2019-07-15 11:12:07', '2019-07-15 11:12:07'),
	(1006, 1, 18, '1', '16.8681640625', '2019-07-15 11:12:31', '2019-07-15 11:12:31'),
	(1007, 1, 19, '1', '6.339111328125', '2019-07-15 11:22:47', '2019-07-15 11:22:47'),
	(1008, 1, 20, '1', '5.869140625', '2019-07-15 11:23:07', '2019-07-15 11:23:07'),
	(1009, 1, 21, '1', '5.857177734375', '2019-07-15 11:23:25', '2019-07-15 11:23:25'),
	(1010, 1, 22, '1', '7.448974609375', '2019-07-15 11:23:52', '2019-07-15 11:23:52'),
	(1011, 1, 23, '1', '5.7490234375', '2019-07-15 11:27:17', '2019-07-15 11:27:17'),
	(1012, 1, 9, '2', '14.39697265625', '2019-07-15 12:11:47', '2019-07-15 12:11:47'),
	(1013, 1, 10, '2', '14.7529296875', '2019-07-15 12:11:51', '2019-07-15 12:11:51'),
	(1014, 1, 11, '2', '13.83203125', '2019-07-15 12:12:20', '2019-07-15 12:12:20'),
	(1015, 1, 12, '2', '14.22509765625', '2019-07-15 12:12:22', '2019-07-15 12:12:22'),
	(1016, 1, 13, '2', '13.463134765625', '2019-07-15 12:12:25', '2019-07-15 12:12:25'),
	(1017, 1, 14, '2', '20.873046875', '2019-07-15 12:12:29', '2019-07-15 12:12:29'),
	(1018, 1, 15, '2', '20.494873046875', '2019-07-15 12:12:34', '2019-07-15 12:12:34'),
	(1019, 1, 16, '2', '19.361083984375', '2019-07-15 12:12:39', '2019-07-15 12:12:39'),
	(1020, 1, 17, '2', '20.22216796875', '2019-07-15 12:12:43', '2019-07-15 12:12:43'),
	(1021, 1, 18, '2', '20.1630859375', '2019-07-15 12:12:48', '2019-07-15 12:12:48'),
	(1022, 1, 19, '2', '6.61083984375', '2019-07-15 12:12:53', '2019-07-15 12:12:53'),
	(1023, 1, 20, '2', '6.9599609375', '2019-07-15 12:12:55', '2019-07-15 12:12:55'),
	(1024, 1, 21, '2', '6.790771484375', '2019-07-15 12:13:03', '2019-07-15 12:13:03'),
	(1025, 1, 22, '2', '6.81396484375', '2019-07-15 12:13:06', '2019-07-15 12:13:06'),
	(1026, 1, 23, '2', '9.54296875', '2019-07-15 12:13:07', '2019-07-15 12:13:07'),
	(1027, 2, 24, '1', '8.05810546875', '2019-07-15 12:20:59', '2019-07-15 12:20:59'),
	(1028, 2, 25, '1', '6.15380859375', '2019-07-15 12:21:20', '2019-07-15 12:21:20'),
	(1029, 2, 26, '1', '5.361083984375', '2019-07-15 12:21:39', '2019-07-15 12:21:39'),
	(1030, 2, 27, '1', '5.535888671875', '2019-07-15 12:21:58', '2019-07-15 12:21:58'),
	(1031, 2, 28, '1', '6.454833984375', '2019-07-15 12:22:19', '2019-07-15 12:22:19'),
	(1032, 2, 28, '2', '7.56884765625', '2019-07-15 12:27:39', '2019-07-15 12:27:39'),
	(1033, 2, 27, '2', '6.81298828125', '2019-07-15 12:27:48', '2019-07-15 12:27:48'),
	(1034, 2, 26, '2', '6.720947265625', '2019-07-15 12:27:50', '2019-07-15 12:27:50'),
	(1035, 2, 25, '2', '7.212890625', '2019-07-15 12:27:53', '2019-07-15 12:27:53'),
	(1036, 2, 24, '2', '6.984130859375', '2019-07-15 12:27:59', '2019-07-15 12:27:59'),
	(1037, 2, 29, '1', '13.848876953125', '2019-07-15 12:28:43', '2019-07-15 12:28:43'),
	(1038, 2, 30, '1', '11.286865234375', '2019-07-15 12:29:06', '2019-07-15 12:29:06'),
	(1039, 2, 31, '1', '11.491943359375', '2019-07-15 12:29:28', '2019-07-15 12:29:28'),
	(1040, 2, 32, '1', '11.405029296875', '2019-07-15 12:29:59', '2019-07-15 12:29:59'),
	(1041, 2, 33, '1', '11.73583984375', '2019-07-15 12:30:26', '2019-07-15 12:30:26'),
	(1042, 2, 34, '1', '11.44189453125', '2019-07-15 12:30:48', '2019-07-15 12:30:48'),
	(1043, 2, 35, '1', '17.216064453125', '2019-07-15 12:31:23', '2019-07-15 12:31:23'),
	(1044, 2, 36, '1', '16.004150390625', '2019-07-15 12:31:46', '2019-07-15 12:31:46'),
	(1045, 2, 37, '1', '18.22900390625', '2019-07-15 12:32:04', '2019-07-15 12:32:04'),
	(1046, 2, 38, '1', '18.015869140625', '2019-07-15 12:32:22', '2019-07-15 12:32:22'),
	(1047, 2, 39, '1', '17.177001953125', '2019-07-15 12:33:33', '2019-07-15 12:33:33'),
	(1048, 2, 29, '2', '18.780029296875', '2019-07-15 12:38:46', '2019-07-15 12:38:46'),
	(1049, 2, 30, '2', '14.9541015625', '2019-07-15 12:38:49', '2019-07-15 12:38:49'),
	(1050, 2, 31, '2', '17.43603515625', '2019-07-15 12:38:52', '2019-07-15 12:38:52'),
	(1051, 2, 32, '2', '14.132080078125', '2019-07-15 12:38:55', '2019-07-15 12:38:55'),
	(1052, 2, 33, '2', '14.3720703125', '2019-07-15 12:38:58', '2019-07-15 12:38:58'),
	(1053, 2, 34, '2', '18.31884765625', '2019-07-15 12:39:02', '2019-07-15 12:39:02'),
	(1054, 2, 35, '2', '20.93408203125', '2019-07-15 12:39:05', '2019-07-15 12:39:05'),
	(1055, 2, 36, '2', '22.497802734375', '2019-07-15 12:39:08', '2019-07-15 12:39:08'),
	(1056, 2, 37, '2', '22.457275390625', '2019-07-15 12:39:12', '2019-07-15 12:39:12'),
	(1057, 2, 38, '2', '20.01708984375', '2019-07-15 12:39:15', '2019-07-15 12:39:15'),
	(1058, 2, 39, '2', '20.2451171875', '2019-07-15 12:39:18', '2019-07-15 12:39:18'),
	(1059, 5, 40, '1', '13.798828125', '2019-07-15 12:53:33', '2019-07-15 12:53:33'),
	(1060, 5, 41, '1', '6.205810546875', '2019-07-15 12:53:50', '2019-07-15 12:53:50'),
	(1061, 5, 42, '1', '5.526123046875', '2019-07-15 12:54:06', '2019-07-15 12:54:06'),
	(1062, 5, 43, '1', '5.78076171875', '2019-07-15 12:54:27', '2019-07-15 12:54:27'),
	(1063, 5, 44, '1', '5.60986328125', '2019-07-15 12:54:48', '2019-07-15 12:54:48'),
	(1064, 5, 45, '1', '11.077880859375', '2019-07-15 12:55:11', '2019-07-15 12:55:11'),
	(1065, 5, 46, '1', '10.6494140625', '2019-07-15 12:55:33', '2019-07-15 12:55:33'),
	(1066, 5, 47, '1', '10.6748046875', '2019-07-15 12:56:02', '2019-07-15 12:56:02'),
	(1067, 5, 48, '1', '16.596923828125', '2019-07-15 12:56:54', '2019-07-15 12:56:54'),
	(1068, 5, 49, '1', '18.644775390625', '2019-07-15 12:57:13', '2019-07-15 12:57:13'),
	(1069, 5, 50, '1', '19.72021484375', '2019-07-15 12:57:53', '2019-07-15 12:57:53'),
	(1070, 5, 40, '2', '6.916015625', '2019-07-15 13:00:23', '2019-07-15 13:00:23'),
	(1071, 5, 41, '2', '7.210205078125', '2019-07-15 13:00:25', '2019-07-15 13:00:25'),
	(1072, 5, 42, '2', '9.361083984375', '2019-07-15 13:00:27', '2019-07-15 13:00:27'),
	(1073, 5, 45, '2', '15.100830078125', '2019-07-15 13:00:33', '2019-07-15 13:00:33'),
	(1074, 5, 46, '2', '13.4560546875', '2019-07-15 13:00:37', '2019-07-15 13:00:37'),
	(1075, 5, 47, '2', '14.81982421875', '2019-07-15 13:00:40', '2019-07-15 13:00:40'),
	(1076, 5, 48, '2', '20.820068359375', '2019-07-15 13:00:46', '2019-07-15 13:00:46'),
	(1077, 5, 49, '2', '19.73681640625', '2019-07-15 13:00:49', '2019-07-15 13:00:49'),
	(1078, 5, 50, '2', '21.416015625', '2019-07-15 13:00:54', '2019-07-15 13:00:54');
/*!40000 ALTER TABLE `logs` ENABLE KEYS */;

-- Dumping structure for table skripsi.migrations
CREATE TABLE IF NOT EXISTS `migrations` (
  `id` int(10) unsigned NOT NULL AUTO_INCREMENT,
  `migration` varchar(191) COLLATE utf8mb4_unicode_ci NOT NULL,
  `batch` int(11) NOT NULL,
  PRIMARY KEY (`id`)
) ENGINE=InnoDB AUTO_INCREMENT=7 DEFAULT CHARSET=utf8mb4 COLLATE=utf8mb4_unicode_ci;

-- Dumping data for table skripsi.migrations: ~6 rows (approximately)
/*!40000 ALTER TABLE `migrations` DISABLE KEYS */;
REPLACE INTO `migrations` (`id`, `migration`, `batch`) VALUES
	(1, '2014_10_12_000000_create_users_table', 1),
	(2, '2014_10_12_100000_create_password_resets_table', 1),
	(3, '2019_05_17_180641_create_files_table', 1),
	(4, '2019_05_17_180831_create_logs_table', 1),
	(5, '2019_05_17_180915_create_sessions_table', 1),
	(6, '2019_05_24_015751_create_sharings_table', 2);
/*!40000 ALTER TABLE `migrations` ENABLE KEYS */;

-- Dumping structure for table skripsi.password_resets
CREATE TABLE IF NOT EXISTS `password_resets` (
  `email` varchar(191) COLLATE utf8mb4_unicode_ci NOT NULL,
  `token` varchar(191) COLLATE utf8mb4_unicode_ci NOT NULL,
  `created_at` timestamp NULL DEFAULT NULL,
  KEY `password_resets_email_index` (`email`)
) ENGINE=InnoDB DEFAULT CHARSET=utf8mb4 COLLATE=utf8mb4_unicode_ci;

-- Dumping data for table skripsi.password_resets: ~0 rows (approximately)
/*!40000 ALTER TABLE `password_resets` DISABLE KEYS */;
/*!40000 ALTER TABLE `password_resets` ENABLE KEYS */;

-- Dumping structure for table skripsi.sessions
CREATE TABLE IF NOT EXISTS `sessions` (
  `id` bigint(20) unsigned NOT NULL AUTO_INCREMENT,
  `created_at` timestamp NULL DEFAULT NULL,
  `updated_at` timestamp NULL DEFAULT NULL,
  PRIMARY KEY (`id`)
) ENGINE=InnoDB DEFAULT CHARSET=utf8mb4 COLLATE=utf8mb4_unicode_ci;

-- Dumping data for table skripsi.sessions: ~0 rows (approximately)
/*!40000 ALTER TABLE `sessions` DISABLE KEYS */;
/*!40000 ALTER TABLE `sessions` ENABLE KEYS */;

-- Dumping structure for table skripsi.sharings
CREATE TABLE IF NOT EXISTS `sharings` (
  `id` bigint(20) unsigned NOT NULL AUTO_INCREMENT,
  `id_owner` bigint(20) unsigned NOT NULL DEFAULT '0',
  `id_file` bigint(20) unsigned NOT NULL DEFAULT '0',
  `id_shared` bigint(20) unsigned NOT NULL DEFAULT '0',
  `public` int(10) unsigned NOT NULL DEFAULT '0',
  `created_at` timestamp NULL DEFAULT NULL,
  `updated_at` timestamp NULL DEFAULT NULL,
  PRIMARY KEY (`id`)
) ENGINE=InnoDB DEFAULT CHARSET=utf8mb4 COLLATE=utf8mb4_unicode_ci;

-- Dumping data for table skripsi.sharings: ~0 rows (approximately)
/*!40000 ALTER TABLE `sharings` DISABLE KEYS */;
/*!40000 ALTER TABLE `sharings` ENABLE KEYS */;

-- Dumping structure for table skripsi.users
CREATE TABLE IF NOT EXISTS `users` (
  `id` bigint(20) unsigned NOT NULL AUTO_INCREMENT,
  `name` varchar(191) COLLATE utf8mb4_unicode_ci NOT NULL,
  `email` varchar(191) COLLATE utf8mb4_unicode_ci NOT NULL,
  `role_id` bigint(20) DEFAULT NULL,
  `email_verified_at` timestamp NULL DEFAULT NULL,
  `password` varchar(191) COLLATE utf8mb4_unicode_ci NOT NULL,
  `remember_token` varchar(100) COLLATE utf8mb4_unicode_ci DEFAULT NULL,
  `created_at` timestamp NULL DEFAULT NULL,
  `updated_at` timestamp NULL DEFAULT NULL,
  PRIMARY KEY (`id`),
  UNIQUE KEY `users_email_unique` (`email`)
) ENGINE=InnoDB AUTO_INCREMENT=6 DEFAULT CHARSET=utf8mb4 COLLATE=utf8mb4_unicode_ci;

-- Dumping data for table skripsi.users: ~4 rows (approximately)
/*!40000 ALTER TABLE `users` DISABLE KEYS */;
REPLACE INTO `users` (`id`, `name`, `email`, `role_id`, `email_verified_at`, `password`, `remember_token`, `created_at`, `updated_at`) VALUES
	(1, 'admin', 'admin@ta.com', 1, NULL, '$2y$10$hCR/68AgD.Xm6KOUA7/2KOQXUd69rdlsL13yxaWExI/jgz76R6fku', NULL, '2019-05-18 12:23:15', '2019-05-18 12:23:15'),
	(2, 'user', 'user@ta.com', 2, NULL, '$2y$10$yKOAKh0ojRCDPkQUsibVpOaBejl.FtGi/H3j6e8tR3e22KHuseVwi', NULL, '2019-05-21 22:58:43', '2019-05-21 22:58:43'),
	(3, 'user 2', 'user2@ta.com', 2, NULL, '$2y$10$kx17T55WtF3oPMsbC3Sdw./YYH2PtYcU2M0XUSGqm9ASwX9A3xqRy', NULL, '2019-06-13 18:04:54', '2019-06-13 18:04:54'),
	(4, 'user 3', 'mhusni43@gmail.com', 2, NULL, '$2y$10$sVZste2a4KzGHeO.z4uCKum.ekfkVHLVCDAl6g8wHiwvslcyKlsMu', NULL, '2019-06-13 18:12:06', '2019-06-13 18:12:06'),
	(5, 'user-2', 'user-2@ta.com', 2, NULL, '$2y$10$0JV86i1kQPoQHwTKIdJjjOBcLmn7MZsoNrmB66GuJL.gx/LDiRwhq', NULL, '2019-07-15 12:46:09', '2019-07-15 12:46:09');
/*!40000 ALTER TABLE `users` ENABLE KEYS */;

/*!40101 SET SQL_MODE=IFNULL(@OLD_SQL_MODE, '') */;
/*!40014 SET FOREIGN_KEY_CHECKS=IF(@OLD_FOREIGN_KEY_CHECKS IS NULL, 1, @OLD_FOREIGN_KEY_CHECKS) */;
/*!40101 SET CHARACTER_SET_CLIENT=@OLD_CHARACTER_SET_CLIENT */;
